{"cameraMode":{"drawMode":0,"name":"Shaded","section":"Shading Mode"},"sceneLighting":true,"audioPlay":false,"sceneViewState":{"showFog":true,"showMaterialUpdate":false,"showSkybox":true,"showFlares":true,"showImageEffects":true,"showParticleSystems":true},"in2DMode":false,"pivot":{"x":-3.6488940715789797,"y":1.0882885456085206,"z":1.7541228532791138},"rotation":{"x":0.05232560634613037,"y":-0.6741463541984558,"z":0.047633323818445209,"w":0.735386073589325},"size":2.8578836917877199,"orthographic":false}